{
  "name": "Create Emergency Change",
  "form": "69661e75-f012-4131-894b-f4eab5fbbf91",
  "blocks": [
    {
      "id": "ef88dff4-8707-4ad0-a6b0-143e104a193a",
      "endpoint": "ServiceNow",
      "label": "ServiceNow Action Incident [incident] - 259fae61-6181-4efc-b609-7218783d3ab1",
      "environment": "HOSTED",
      "presentation": "{\"w\":60,\"x\":-2873,\"h\":60,\"y\":1377}",
      "step": "259fae61-6181-4efc-b609-7218783d3ab1",
      "stepType": "INTEGRATION",
      "inputMappings": [
        {
          "inputPort": "input",
          "mapping": "{\"value\":\"incident\",\"label\":\"Incident [incident]\"}",
          "stepInput": "8e795285-7ea2-5292-8014-2ed94a9beb84"
        },
        {
          "inputPort": "input",
          "mapping": "[{\"dataOriginPointer\":{\"value\":\"number\",\"label\":\"Number\",\"atDepth\":[\"primaryRecord\",\"number\"],\"type\":\"string\"},\"id\":\"e6508990-5d74-495c-b40b-70bdc2447c47\",\"name\":\"Number\",\"description\":\"\",\"isShadowOf\":\"\",\"groupIndex\":0,\"position\":0},{\"dataOriginPointer\":{\"value\":\"sys_tags\",\"label\":\"Tags\",\"atDepth\":[\"primaryRecord\",\"sys_tags\"],\"type\":\"related_tags\"},\"id\":\"a85b13b3-428b-4f9f-be30-f8bb432ec483\",\"name\":\"Tags\",\"description\":\"\",\"isShadowOf\":\"\",\"groupIndex\":1,\"position\":1},{\"dataOriginPointer\":{\"value\":\"u_xmtags\",\"label\":\"xmTags\",\"atDepth\":[\"primaryRecord\",\"u_xmtags\"],\"type\":\"string\"},\"id\":\"67843dcb-fb6c-46ff-abfa-41a3a7dfea00\",\"name\":\"xmTags\",\"description\":\"\",\"isShadowOf\":\"\",\"groupIndex\":2,\"position\":2}]",
          "stepInput": "66eba304-6f4b-5a03-9cbb-5f372f0227b6"
        }
      ],
      "dynamicOutputs": [
        {
          "id": "60f6470a-cd8f-428d-801a-eaebc03cb2b5",
          "name": "Number",
          "description": "",
          "position": 0,
          "integrationScriptStepUuid": "200aeb51-c5e6-5e7a-94f5-8875bdd73112"
        },
        {
          "id": "1e6cceb8-ac1a-4465-9a24-51ede723dded",
          "name": "Tags",
          "description": "",
          "position": 1,
          "integrationScriptStepUuid": "200aeb51-c5e6-5e7a-94f5-8875bdd73112"
        },
        {
          "id": "9492ea90-bddf-479e-9467-6ede80501c27",
          "name": "xmTags",
          "description": "",
          "position": 2,
          "integrationScriptStepUuid": "200aeb51-c5e6-5e7a-94f5-8875bdd73112"
        }
      ]
    }
  ]
}