{
  "name": "Emergency Change Approval",
  "description": "",
  "blocks": [
    {
      "id": "7f1c01e2-dcf2-48af-abba-e98f7849189d",
      "label": "Create Approval Alert",
      "environment": "HOSTED",
      "presentation": "{\"w\":100,\"x\":119,\"h\":50,\"y\":-21}",
      "stepType": "CREATE_ALERT",
      "inputMappings": [
        {
          "inputPort": "input",
          "mapping": "[{\"language\":\"en\",\"subject\":\"Emergency Change Approval For ${47c5dd8f-0272-428c-bc47-04124e443ce0.Approval for}\",\"body\":\"\\n    <head><style id=\\\"xm-froala-base-styles\\\">\\n      /* Base Froala Styles Begin */\\n      table {\\n        border: 1px solid #ccc;\\n        border-bottom: none;\\n    }\\n    table th,\\n    table td {\\n        border: solid #ccc;\\n        border-width: 0 0 1px 0;\\n    }\\n\\n    \\n    table.xm-table-internal-borders {\\n      border: none;\\n    }\\n    table.xm-table-internal-borders th,\\n    table.xm-table-internal-borders td {\\n      border-width: 1px;\\n    }\\n    \\n    \\n    table {\\n      border-collapse: collapse;\\n    }\\n\\n\\n\\n.fr-clearfix::after{clear:both;display:block;content:\\\"\\\";height:0}.fr-hide-by-clipping{position:absolute;width:1px;height:1px;padding:0;margin:-1px;overflow:hidden;clip:rect(0, 0, 0, 0);border:0}img.fr-rounded,.fr-img-caption.fr-rounded img{border-radius:10px;-moz-border-radius:10px;-webkit-border-radius:10px;-moz-background-clip:padding;-webkit-background-clip:padding-box;background-clip:padding-box}img.fr-shadow,.fr-img-caption.fr-shadow img{-webkit-box-shadow:10px 10px 5px 0px #cccccc;-moz-box-shadow:10px 10px 5px 0px #cccccc;box-shadow:10px 10px 5px 0px #cccccc}img.fr-bordered,.fr-img-caption.fr-bordered img{border:solid 5px #CCC}img.fr-bordered{-webkit-box-sizing:content-box;-moz-box-sizing:content-box;box-sizing:content-box}.fr-img-caption.fr-bordered img{-webkit-box-sizing:border-box;-moz-box-sizing:border-box;box-sizing:border-box}li img.fr-dii.fr-fil{margin-right:20px}.fr-view{word-wrap:break-word}span[style~=\\\"color:\\\"] a{color:inherit}strong{font-weight:700}table[border='0'] td:not([class]),table[border='0'] th:not([class]),table[border='0'] td[class=\\\"\\\"],table[border='0'] th[class=\\\"\\\"]{border-width:0px}table{border:none;border-collapse:collapse;empty-cells:show;max-width:100%}table td{min-width:5px}table.fr-dashed-borders td,table.fr-dashed-borders th{border-style:dashed}table.fr-alternate-rows tbody tr:nth-child(2n){background:whitesmoke}table td,table th{border:1px solid #DDD}table td:empty,table th:empty{height:20px}table td.fr-highlighted,table th.fr-highlighted{border:1px double red}table td.fr-thick,table th.fr-thick{border-width:2px}table th{background:#ececec}table tfoot td{background:#ececec}hr{clear:both;user-select:none;-o-user-select:none;-moz-user-select:none;-khtml-user-select:none;-webkit-user-select:none;-ms-user-select:none;break-after:always;page-break-after:always}.fr-file{position:relative}.fr-file::after{position:relative;content:\\\"\\\\1F4CE\\\";font-weight:normal}pre{white-space:pre-wrap;word-wrap:break-word;overflow:visible}.fr-view[dir=\\\"rtl\\\"] blockquote{border-left:none;border-right:solid 2px #5E35B1;margin-right:0;padding-right:5px;padding-left:0}.fr-view[dir=\\\"rtl\\\"] blockquote blockquote{border-color:#00BCD4}.fr-view[dir=\\\"rtl\\\"] blockquote blockquote blockquote{border-color:#43A047}blockquote{border-left:solid 2px #5E35B1;margin-left:0;padding-left:5px;color:#5E35B1}blockquote blockquote{border-color:#00BCD4;color:#00BCD4}blockquote blockquote blockquote{border-color:#43A047;color:#43A047}span.fr-emoticon{font-weight:normal;font-family:\\\"Apple Color Emoji\\\",\\\"Segoe UI Emoji\\\",\\\"NotoColorEmoji\\\",\\\"Segoe UI Symbol\\\",\\\"Android Emoji\\\",\\\"EmojiSymbols\\\";display:inline;line-height:0}span.fr-emoticon.fr-emoticon-img{background-repeat:no-repeat !important;font-size:inherit;height:1em;width:1em;min-height:20px;min-width:20px;display:inline-block;margin:-.1em .1em .1em;line-height:1;vertical-align:middle}.fr-text-gray{color:#AAA !important}.fr-text-bordered{border-top:solid 1px #222;border-bottom:solid 1px #222;padding:10px 0}.fr-text-spaced{letter-spacing:1px}.fr-text-uppercase{text-transform:uppercase}.fr-class-highlighted{background-color:#ffff00}.fr-class-code{border-color:#cccccc;border-radius:2px;-moz-border-radius:2px;-webkit-border-radius:2px;-moz-background-clip:padding;-webkit-background-clip:padding-box;background-clip:padding-box;background:#f5f5f5;padding:10px;font-family:\\\"Courier New\\\", Courier, monospace}.fr-class-transparency{opacity:0.5}img{position:relative;max-width:100%}img.fr-dib{margin:5px auto;display:block;float:none;vertical-align:top}img.fr-dib.fr-fil{margin-left:0;text-align:left}img.fr-dib.fr-fir{margin-right:0;text-align:right}img.fr-dii{display:inline-block;float:none;vertical-align:bottom;margin-left:5px;margin-right:5px;max-width:calc(100% - (2 * 5px));min-width:10px}img.fr-dii.fr-fil{float:left;margin:5px 5px 5px 0;max-width:calc(100% - 5px);min-width:5px}img.fr-dii.fr-fir{float:right;margin:5px 0 5px 5px;max-width:calc(100% - 5px);min-width:5px}span.fr-img-caption{position:relative;max-width:100%}span.fr-img-caption.fr-dib{margin:5px auto;display:block;float:none;vertical-align:top}span.fr-img-caption.fr-dib.fr-fil{margin-left:0;text-align:left}span.fr-img-caption.fr-dib.fr-fir{margin-right:0;text-align:right}span.fr-img-caption.fr-dii{display:inline-block;float:none;vertical-align:bottom;margin-left:5px;margin-right:5px;max-width:calc(100% - (2 * 5px));min-width:10px}span.fr-img-caption.fr-dii.fr-fil{float:left;margin:5px 5px 5px 0;max-width:calc(100% - 5px);min-width:5px}span.fr-img-caption.fr-dii.fr-fir{float:right;margin:5px 0 5px 5px;max-width:calc(100% - 5px);min-width:5px}.fr-video{text-align:center;position:relative}.fr-video.fr-rv{padding-bottom:56.25%;padding-top:30px;height:0;overflow:hidden}.fr-video.fr-rv>iframe,.fr-video.fr-rv object,.fr-video.fr-rv embed{position:absolute !important;top:0;left:0;width:100%;height:100%}.fr-video>*{-webkit-box-sizing:content-box;-moz-box-sizing:content-box;box-sizing:content-box;max-width:100%;border:none}.fr-video.fr-dvb{display:block;clear:both}.fr-video.fr-dvb.fr-fvl{text-align:left}.fr-video.fr-dvb.fr-fvr{text-align:right}.fr-video.fr-dvi{display:inline-block}.fr-video.fr-dvi.fr-fvl{float:left}.fr-video.fr-dvi.fr-fvr{float:right}a.fr-strong{font-weight:700}a.fr-green{color:green}.fr-img-caption{text-align:center}.fr-img-caption .fr-img-wrap{padding:0;margin:auto;text-align:center;width:100%}.fr-img-caption .fr-img-wrap a{display:block}.fr-img-caption .fr-img-wrap img{display:block;margin:auto;width:100%}.fr-img-caption .fr-img-wrap>span{margin:auto;display:block;padding:5px 5px 10px;font-size:14px;font-weight:initial;-webkit-box-sizing:border-box;-moz-box-sizing:border-box;box-sizing:border-box;-webkit-opacity:0.9;-moz-opacity:0.9;opacity:0.9;-ms-filter:\\\"progid:DXImageTransform.Microsoft.Alpha(Opacity=0)\\\";width:100%;text-align:center}button.fr-rounded,input.fr-rounded,textarea.fr-rounded{border-radius:10px;-moz-border-radius:10px;-webkit-border-radius:10px;-moz-background-clip:padding;-webkit-background-clip:padding-box;background-clip:padding-box}button.fr-large,input.fr-large,textarea.fr-large{font-size:24px}span.fr-img-caption.fr-dii.fr-fil,p img.fr-dii.fr-fil{margin-right:15px}a.fr-view.fr-strong{font-weight:700}a.fr-view.fr-green{color:green}img.fr-view{position:relative;max-width:100%}img.fr-view.fr-dib{margin:5px auto;display:block;float:none;vertical-align:top}img.fr-view.fr-dib.fr-fil{margin-left:0;text-align:left}img.fr-view.fr-dib.fr-fir{margin-right:0;text-align:right}img.fr-view.fr-dii{display:inline-block;float:none;vertical-align:bottom;margin-left:5px;margin-right:5px;max-width:calc(100% - (2 * 5px));min-width:10px}img.fr-view.fr-dii.fr-fil{float:left;margin:5px 5px 5px 0;max-width:calc(100% - 5px);min-width:5px}img.fr-view.fr-dii.fr-fir{float:right;margin:5px 0 5px 5px;max-width:calc(100% - 5px);min-width:5px}span.fr-img-caption.fr-view{position:relative;max-width:100%}span.fr-img-caption.fr-view.fr-dib{margin:5px auto;display:block;float:none;vertical-align:top}span.fr-img-caption.fr-view.fr-dib.fr-fil{margin-left:0;text-align:left}span.fr-img-caption.fr-view.fr-dib.fr-fir{margin-right:0;text-align:right}span.fr-img-caption.fr-view.fr-dii{display:inline-block;float:none;vertical-align:bottom;margin-left:5px;margin-right:5px;max-width:calc(100% - (2 * 5px));min-width:10px}span.fr-img-caption.fr-view.fr-dii.fr-fil{float:left;margin:5px 5px 5px 0;max-width:calc(100% - 5px);min-width:5px}span.fr-img-caption.fr-view.fr-dii.fr-fir{float:right;margin:5px 0 5px 5px;max-width:calc(100% - 5px);min-width:5px}\\n      /* Base Froala Styles End */\\n    </style></head><!-- XM Froala Top Level Wrapper Begin {{{ -->\\n    <div id=\\\"xm-froala-top-level-wrapper\\\" class=\\\"fr-view\\\">\\n    <!-- XM Froala Top Level Wrapper Begin }}} --><br><div style=\\\"width: 768px; margin-left: auto; margin-right: auto;\\\"><div style=\\\"width: 460px; margin-left: auto; margin-right: auto;\\\"><div style=\\\"width: 100%; margin: auto; text-align: center;\\\"><img src=\\\"https://static.xmatters.com/integrations/servicenow/images/servicenow-3.png\\\" class=\\\"fr-fic fr-dib\\\" style=\\\"width: 200px;\\\"></div><div style=\\\"text-align: center; margin: 20px auto;\\\">${person.firstName} ${person.lastName}, <span id=\\\"isPasted\\\" style=\\\"color: rgb(23, 43, 77); font-family: -apple-system, &quot;system-ui&quot;, &quot;Segoe UI&quot;, Roboto, Oxygen, Ubuntu, &quot;Fira Sans&quot;, &quot;Droid Sans&quot;, &quot;Helvetica Neue&quot;, sans-serif; font-size: 14px; font-style: normal; font-variant-ligatures: normal; font-variant-caps: normal; font-weight: 400; letter-spacing: normal; orphans: 2; text-align: left; text-indent: 0px; text-transform: none; white-space: normal; widows: 2; word-spacing: 0px; -webkit-text-stroke-width: 0px; background-color: rgb(255, 255, 255); text-decoration-thickness: initial; text-decoration-style: initial; text-decoration-color: initial; display: inline !important; float: none;\\\"><span id=\\\"isPasted\\\" style=\\\"color: rgb(23, 43, 77); font-family: -apple-system, &quot;system-ui&quot;, &quot;Segoe UI&quot;, Roboto, Oxygen, Ubuntu, &quot;Fira Sans&quot;, &quot;Droid Sans&quot;, &quot;Helvetica Neue&quot;, sans-serif; font-size: 14px; font-style: normal; font-variant-ligatures: normal; font-variant-caps: normal; font-weight: 400; letter-spacing: normal; orphans: 2; text-align: start; text-indent: 0px; text-transform: none; white-space: normal; widows: 2; word-spacing: 0px; -webkit-text-stroke-width: 0px; background-color: rgb(255, 255, 255); text-decoration-thickness: initial; text-decoration-style: initial; text-decoration-color: initial; display: inline !important; float: none;\\\">you're needed for an Emergency Change Approval</span></span>:</div><div style=\\\"border: #e4e4e4 1px solid; border-radius: 5px;\\\"><div style=\\\"width: 100%;  display: flex; border-bottom: #e4e4e4 1px solid;\\\"><div style=\\\"width: 50%; text-align: center; display: block; border-right: #e4e4e4 1px solid;\\\"><div style=\\\"margin: auto; text-align: center; display: block; padding: 15px 5px;\\\"><div style=\\\"font-weight: bold;\\\">State</div>${47c5dd8f-0272-428c-bc47-04124e443ce0.State}</div></div><div style=\\\"width: 50%; text-align: center; display: block;\\\"><div style=\\\"margin: auto; text-align: center; display: block; padding: 15px 5px;\\\"><div style=\\\"font-weight: bold;\\\">Priority</div>${47c5dd8f-0272-428c-bc47-04124e443ce0.Alert Priority}</div></div></div><div style=\\\"padding: 15px 15px; display: block; border-bottom: #e4e4e4 1px solid;\\\"><span style=\\\"font-weight: bold; margin-bottom: 5px;\\\">Initiated at:</span>&nbsp;${alert.startDate} ${alert.startTime}</div><div style=\\\"padding: 15px 15px; display: block;\\\"><div style=\\\"font-weight: bold; margin-bottom: 5px;\\\"><a href=\\\"${47c5dd8f-0272-428c-bc47-04124e443ce0.Record URL}\\\">View Approval Record in ServiceNow</a></div></div></div><!-- the following elements are used for processing. Signal ID is required to look up and terminate events using the Get Events step. --><div style=\\\"padding-top: 27px; margin-bottom: 20px;\\\"><img style=\\\"width: 195px;\\\" src=\\\"https://static.xmatters.com/integrations/common/images/powered_by_xmatters_color.png\\\" class=\\\"fr-fic fr-dii\\\"></div><div id=\\\"incident-responses\\\"><!--__X_RESPONSE_CHOICES_PLACEHOLDER__--><br></div></div></div><!-- XM Froala Top Level Wrapper End {{{ -->\\n    </div>\\n    <!-- XM Froala Top Level Wrapper End }}} -->\"}]",
          "builtInInputId": "c2a258c9-70f0-5ab9-87a0-f16aac6a4f7e"
        },
        {
          "inputPort": "input",
          "mapping": "180",
          "builtInInputId": "8ff01cd9-6a5f-5ec3-9c46-a40b892b890e"
        },
        {
          "inputPort": "input",
          "mapping": "[{\"id\":\"${47c5dd8f-0272-428c-bc47-04124e443ce0.Approver - Username}\"},{\"id\":\"${47c5dd8f-0272-428c-bc47-04124e443ce0.Recipients}\"}]",
          "builtInInputId": "c2fa8405-6461-5736-9370-96e1dc04be7c"
        },
        {
          "inputPort": "input",
          "mapping": "{\"bridgeTypeSelector\":\"NONE\"}",
          "builtInInputId": "707a5098-300e-50d1-8e70-30f1ec2ad99d"
        },
        {
          "inputPort": "input",
          "mapping": "[{\"language\":\"en\",\"steps\":[{\"playback\":\"TTS\",\"phrase\":\"Emergency Change number\",\"uiBlock\":\"da96992a-d8ae-4203-b176-fea8bcad59a6\"},{\"playback\":\"CHARACTERS\",\"phrase\":\"${47c5dd8f-0272-428c-bc47-04124e443ce0.Approval for}\",\"uiBlock\":\"0a600fb6-d43c-4bad-af17-d038db8a9a72\"},{\"playback\":\"TTS\",\"phrase\":\"has been submited in Service Now.  Please check Service Now to accept or reject the request.\",\"uiBlock\":\"70faf915-a0d3-41cf-92a7-f21136ba8571\"}]}]",
          "builtInInputId": "1e0aae21-0ac6-5683-a162-36fa1f8a895c"
        },
        {
          "inputPort": "input",
          "mapping": "Medium",
          "builtInInputId": "3f50d6a7-0fc9-59a1-bd97-8eb19db317bd"
        },
        {
          "inputPort": "input",
          "mapping": "0",
          "builtInInputId": "8298a407-9069-5331-8dee-219cdb1b4868"
        },
        {
          "inputPort": "input",
          "mapping": "PICKER",
          "builtInInputId": "9b9bc3ee-7633-57e7-b13e-443db15f6e34"
        },
        {
          "inputPort": "input",
          "mapping": "callbackonly",
          "builtInInputId": "94bf035f-007b-5da6-996b-d122ff92e7b3"
        },
        {
          "inputPort": "input",
          "mapping": "false",
          "builtInInputId": "c4501a77-1058-51d5-9044-7c4f8a39938a"
        },
        {
          "inputPort": "input",
          "mapping": "[{\"language\":\"en\",\"text\":\"Emergency Change number ${47c5dd8f-0272-428c-bc47-04124e443ce0.Approval for} has been submited in ServiceNow.  Please check ServiceNow to accept or reject the request.\"}]",
          "builtInInputId": "8fccda00-5665-53aa-90a0-267d4b796a99"
        },
        {
          "inputPort": "input",
          "mapping": "false",
          "builtInInputId": "0eeeaf31-fd99-5ada-aaf5-9b4ca198cce6"
        },
        {
          "inputPort": "input",
          "mapping": "{}",
          "builtInInputId": "d5f190c2-4549-5f07-b14d-d51d641cf1e6"
        },
        {
          "inputPort": "input",
          "mapping": "false",
          "builtInInputId": "60992193-3b95-5b4e-adfd-244d5e834d67"
        },
        {
          "inputPort": "input",
          "mapping": "Android Phone,Android Tablet,iPad,iPhone,SMS Phone,Home Phone,Mobile Phone,Work Phone,Home Email,Work Email,Slack",
          "builtInInputId": "21dbc8d9-0c69-5ff1-99b2-f66986efcb79"
        },
        {
          "inputPort": "input",
          "mapping": "60",
          "builtInInputId": "ceffae29-cef3-5488-b9d1-f845c558f8a4"
        },
        {
          "inputPort": "input",
          "mapping": "[]",
          "builtInInputId": "ac190a1d-00b8-5aea-8543-12459dd918a7"
        },
        {
          "inputPort": "input",
          "mapping": "false",
          "builtInInputId": "7ec1fde7-1816-5b50-968f-c3eafa529f62"
        }
      ]
    },
    {
      "id": "47c5dd8f-0272-428c-bc47-04124e443ce0",
      "endpoint": "ServiceNow",
      "label": "ServiceNow Record Alerts Approval [sysapproval_approver]",
      "environment": "HOSTED",
      "presentation": "{\"w\":100,\"x\":-92,\"h\":50,\"y\":-20}",
      "step": "b65dee4e-b792-4ddc-893e-3d949a411e8c",
      "stepType": "INTEGRATION",
      "inputMappings": [
        {
          "inputPort": "input",
          "mapping": "{\"value\":\"sysapproval_approver\",\"label\":\"Approval [sysapproval_approver]\"}",
          "stepInput": "6fb516fe-5a42-5e28-9323-7c7608961a92"
        },
        {
          "inputPort": "input",
          "mapping": "[{\"dataOriginPointer\":{\"value\":\"approver\",\"label\":\"Approver\",\"atDepth\":[\"primaryRecord\",\"approver\",\"display_value\"],\"type\":\"reference\",\"reference\":\"sys_user\"},\"id\":\"908a52f5-e0bf-40e7-9fea-df30bf156055\",\"name\":\"Approver\",\"description\":\"\",\"isShadowOf\":\"\",\"groupIndex\":0,\"position\":0},{\"dataOriginPointer\":{\"value\":\"approver\",\"label\":\"Approver\",\"atDepth\":[\"secondaryRecord\",\"approver\",\"display_value\"]},\"id\":\"cf3eec2a-a001-41f7-902c-65707fcf5e9c\",\"name\":\"Approver - Previous \",\"description\":\"{previous.approver.display_value}\",\"isShadowOf\":\"908a52f5-e0bf-40e7-9fea-df30bf156055\",\"groupIndex\":0,\"position\":1},{\"dataOriginPointer\":{\"value\":\"approver\",\"label\":\"Approver\",\"atDepth\":[\"primaryRecord\",\"approver\",\"sys_id\"]},\"id\":\"fbee230d-18cb-459b-b52d-43343ead07bd\",\"name\":\"Approver - Record ID\",\"description\":\"{current.approver.sys_id}\",\"isShadowOf\":\"908a52f5-e0bf-40e7-9fea-df30bf156055\",\"groupIndex\":0,\"position\":2},{\"dataOriginPointer\":{\"value\":\"approver\",\"label\":\"Approver\",\"atDepth\":[\"secondaryRecord\",\"approver\",\"sys_id\"]},\"id\":\"7fe39701-f907-476d-b519-ed5fcdf5a8f1\",\"name\":\"Approver - Previous Record ID\",\"description\":\"{previous.approver.sys_id}\",\"isShadowOf\":\"908a52f5-e0bf-40e7-9fea-df30bf156055\",\"groupIndex\":0,\"position\":3},{\"dataOriginPointer\":{\"value\":\"approver\",\"label\":\"Approver\",\"atDepth\":[\"primaryRecord\",\"approver\",\"username\"]},\"id\":\"4b229fd7-f904-4af2-843f-8429b2898d42\",\"name\":\"Approver - Username\",\"description\":\"{current.approver.username}\",\"isShadowOf\":\"908a52f5-e0bf-40e7-9fea-df30bf156055\",\"groupIndex\":0,\"position\":4},{\"dataOriginPointer\":{\"value\":\"approver\",\"label\":\"Approver\",\"atDepth\":[\"secondaryRecord\",\"approver\",\"username\"]},\"id\":\"b938b06f-64fe-43e8-877b-bea35f013507\",\"name\":\"Approver - Previous Username\",\"description\":\"{previous.approver.username}\",\"isShadowOf\":\"908a52f5-e0bf-40e7-9fea-df30bf156055\",\"groupIndex\":0,\"position\":5},{\"dataOriginPointer\":{\"value\":\"due_date\",\"label\":\"Due date\",\"atDepth\":[\"primaryRecord\",\"due_date\"],\"type\":\"glide_date_time\"},\"id\":\"51347058-d8dd-42e0-b2ed-46f196c7fe5b\",\"name\":\"Due date\",\"description\":\"\",\"isShadowOf\":\"\",\"groupIndex\":1,\"position\":6},{\"dataOriginPointer\":{\"value\":\"due_date\",\"label\":\"Due date\",\"atDepth\":[\"secondaryRecord\",\"due_date\"]},\"id\":\"e166de66-00c5-4c5e-9bec-abe0d7286dcb\",\"name\":\"Due date - Previous \",\"description\":\"{previous.due_date}\",\"isShadowOf\":\"51347058-d8dd-42e0-b2ed-46f196c7fe5b\",\"groupIndex\":1,\"position\":7},{\"dataOriginPointer\":{\"value\":\"state\",\"label\":\"State\",\"atDepth\":[\"primaryRecord\",\"state\"],\"type\":\"choice\"},\"id\":\"6d3d6c34-452f-4365-be93-223f9edb88d1\",\"name\":\"State\",\"description\":\"\",\"isShadowOf\":\"\",\"groupIndex\":2,\"position\":8},{\"dataOriginPointer\":{\"value\":\"state\",\"label\":\"State\",\"atDepth\":[\"secondaryRecord\",\"state\"]},\"id\":\"4206bd32-88ef-4a60-a063-69460bb8b689\",\"name\":\"State - Previous \",\"description\":\"{previous.state}\",\"isShadowOf\":\"6d3d6c34-452f-4365-be93-223f9edb88d1\",\"groupIndex\":2,\"position\":9},{\"dataOriginPointer\":{\"value\":\"approval_source\",\"label\":\"Approval source\",\"atDepth\":[\"primaryRecord\",\"approval_source\"],\"type\":\"choice\"},\"id\":\"6846696a-b308-4b3f-9f84-2048deca1bbc\",\"name\":\"Approval source\",\"description\":\"\",\"isShadowOf\":\"\",\"groupIndex\":3,\"position\":10},{\"dataOriginPointer\":{\"value\":\"approval_source\",\"label\":\"Approval source\",\"atDepth\":[\"secondaryRecord\",\"approval_source\"]},\"id\":\"5d4f6147-0fd5-41bf-9419-f8b92b48b600\",\"name\":\"Approval source - Previous \",\"description\":\"{previous.approval_source}\",\"isShadowOf\":\"6846696a-b308-4b3f-9f84-2048deca1bbc\",\"groupIndex\":3,\"position\":11},{\"dataOriginPointer\":{\"value\":\"sys_id\",\"label\":\"Sys ID\",\"atDepth\":[\"primaryRecord\",\"sys_id\"],\"type\":\"GUID\"},\"id\":\"7fc49c36-2c07-45af-ba63-916a311632c2\",\"name\":\"Sys ID\",\"description\":\"\",\"isShadowOf\":\"\",\"groupIndex\":4,\"position\":12},{\"dataOriginPointer\":{\"value\":\"sys_id\",\"label\":\"Sys ID\",\"atDepth\":[\"secondaryRecord\",\"sys_id\"]},\"id\":\"8fc3057e-3819-4f17-8b22-099e0a76837a\",\"name\":\"Sys ID - Previous \",\"description\":\"{previous.sys_id}\",\"isShadowOf\":\"7fc49c36-2c07-45af-ba63-916a311632c2\",\"groupIndex\":4,\"position\":13},{\"dataOriginPointer\":{\"value\":\"sysapproval\",\"label\":\"Approval for\",\"atDepth\":[\"primaryRecord\",\"sysapproval\",\"display_value\"],\"type\":\"reference\",\"reference\":\"task\"},\"id\":\"591d90ba-4049-4bf3-af0e-12f34fa6b53a\",\"name\":\"Approval for\",\"description\":\"\",\"isShadowOf\":\"\",\"groupIndex\":5,\"position\":14},{\"dataOriginPointer\":{\"value\":\"sysapproval\",\"label\":\"Approval for\",\"atDepth\":[\"secondaryRecord\",\"sysapproval\",\"display_value\"]},\"id\":\"42773e9d-448d-4191-a954-d1f63eaf645d\",\"name\":\"Approval for - Previous \",\"description\":\"{previous.sysapproval.display_value}\",\"isShadowOf\":\"591d90ba-4049-4bf3-af0e-12f34fa6b53a\",\"groupIndex\":5,\"position\":15},{\"dataOriginPointer\":{\"value\":\"sysapproval\",\"label\":\"Approval for\",\"atDepth\":[\"primaryRecord\",\"sysapproval\",\"sys_id\"]},\"id\":\"bd88eaf7-86b5-4605-860c-940729d26ade\",\"name\":\"Approval for - Record ID\",\"description\":\"{current.sysapproval.sys_id}\",\"isShadowOf\":\"591d90ba-4049-4bf3-af0e-12f34fa6b53a\",\"groupIndex\":5,\"position\":16},{\"dataOriginPointer\":{\"value\":\"sysapproval\",\"label\":\"Approval for\",\"atDepth\":[\"secondaryRecord\",\"sysapproval\",\"sys_id\"]},\"id\":\"4a3903d9-0d4f-4eda-b269-98840684e1a4\",\"name\":\"Approval for - Previous Record ID\",\"description\":\"{previous.sysapproval.sys_id}\",\"isShadowOf\":\"591d90ba-4049-4bf3-af0e-12f34fa6b53a\",\"groupIndex\":5,\"position\":17}]",
          "stepInput": "643a6a82-a9a3-51a9-b438-a9a3b5ef1452"
        }
      ],
      "dynamicOutputs": [
        {
          "id": "908a52f5-e0bf-40e7-9fea-df30bf156055",
          "name": "Approver",
          "description": "",
          "position": 0,
          "integrationScriptStepUuid": "acc4467d-0242-571f-b62c-f0a1e863e4db"
        },
        {
          "id": "cf3eec2a-a001-41f7-902c-65707fcf5e9c",
          "name": "Approver - Previous ",
          "description": "{previous.approver.display_value}",
          "position": 1,
          "integrationScriptStepUuid": "acc4467d-0242-571f-b62c-f0a1e863e4db"
        },
        {
          "id": "fbee230d-18cb-459b-b52d-43343ead07bd",
          "name": "Approver - Record ID",
          "description": "{current.approver.sys_id}",
          "position": 2,
          "integrationScriptStepUuid": "acc4467d-0242-571f-b62c-f0a1e863e4db"
        },
        {
          "id": "7fe39701-f907-476d-b519-ed5fcdf5a8f1",
          "name": "Approver - Previous Record ID",
          "description": "{previous.approver.sys_id}",
          "position": 3,
          "integrationScriptStepUuid": "acc4467d-0242-571f-b62c-f0a1e863e4db"
        },
        {
          "id": "4b229fd7-f904-4af2-843f-8429b2898d42",
          "name": "Approver - Username",
          "description": "{current.approver.username}",
          "position": 4,
          "integrationScriptStepUuid": "acc4467d-0242-571f-b62c-f0a1e863e4db"
        },
        {
          "id": "b938b06f-64fe-43e8-877b-bea35f013507",
          "name": "Approver - Previous Username",
          "description": "{previous.approver.username}",
          "position": 5,
          "integrationScriptStepUuid": "acc4467d-0242-571f-b62c-f0a1e863e4db"
        },
        {
          "id": "51347058-d8dd-42e0-b2ed-46f196c7fe5b",
          "name": "Due date",
          "description": "",
          "position": 6,
          "integrationScriptStepUuid": "acc4467d-0242-571f-b62c-f0a1e863e4db"
        },
        {
          "id": "e166de66-00c5-4c5e-9bec-abe0d7286dcb",
          "name": "Due date - Previous ",
          "description": "{previous.due_date}",
          "position": 7,
          "integrationScriptStepUuid": "acc4467d-0242-571f-b62c-f0a1e863e4db"
        },
        {
          "id": "6d3d6c34-452f-4365-be93-223f9edb88d1",
          "name": "State",
          "description": "",
          "position": 8,
          "integrationScriptStepUuid": "acc4467d-0242-571f-b62c-f0a1e863e4db"
        },
        {
          "id": "4206bd32-88ef-4a60-a063-69460bb8b689",
          "name": "State - Previous ",
          "description": "{previous.state}",
          "position": 9,
          "integrationScriptStepUuid": "acc4467d-0242-571f-b62c-f0a1e863e4db"
        },
        {
          "id": "6846696a-b308-4b3f-9f84-2048deca1bbc",
          "name": "Approval source",
          "description": "",
          "position": 10,
          "integrationScriptStepUuid": "acc4467d-0242-571f-b62c-f0a1e863e4db"
        },
        {
          "id": "5d4f6147-0fd5-41bf-9419-f8b92b48b600",
          "name": "Approval source - Previous ",
          "description": "{previous.approval_source}",
          "position": 11,
          "integrationScriptStepUuid": "acc4467d-0242-571f-b62c-f0a1e863e4db"
        },
        {
          "id": "7fc49c36-2c07-45af-ba63-916a311632c2",
          "name": "Sys ID",
          "description": "",
          "position": 12,
          "integrationScriptStepUuid": "acc4467d-0242-571f-b62c-f0a1e863e4db"
        },
        {
          "id": "8fc3057e-3819-4f17-8b22-099e0a76837a",
          "name": "Sys ID - Previous ",
          "description": "{previous.sys_id}",
          "position": 13,
          "integrationScriptStepUuid": "acc4467d-0242-571f-b62c-f0a1e863e4db"
        },
        {
          "id": "591d90ba-4049-4bf3-af0e-12f34fa6b53a",
          "name": "Approval for",
          "description": "",
          "position": 14,
          "integrationScriptStepUuid": "acc4467d-0242-571f-b62c-f0a1e863e4db"
        },
        {
          "id": "42773e9d-448d-4191-a954-d1f63eaf645d",
          "name": "Approval for - Previous ",
          "description": "{previous.sysapproval.display_value}",
          "position": 15,
          "integrationScriptStepUuid": "acc4467d-0242-571f-b62c-f0a1e863e4db"
        },
        {
          "id": "bd88eaf7-86b5-4605-860c-940729d26ade",
          "name": "Approval for - Record ID",
          "description": "{current.sysapproval.sys_id}",
          "position": 16,
          "integrationScriptStepUuid": "acc4467d-0242-571f-b62c-f0a1e863e4db"
        },
        {
          "id": "4a3903d9-0d4f-4eda-b269-98840684e1a4",
          "name": "Approval for - Previous Record ID",
          "description": "{previous.sysapproval.sys_id}",
          "position": 17,
          "integrationScriptStepUuid": "acc4467d-0242-571f-b62c-f0a1e863e4db"
        }
      ]
    }
  ],
  "edges": [
    {
      "fromBlock": "47c5dd8f-0272-428c-bc47-04124e443ce0",
      "fromPort": "output",
      "toBlock": "7f1c01e2-dcf2-48af-abba-e98f7849189d",
      "toPort": "input"
    }
  ]
}