{
  "integrations": [
    {
      "id": "259fae61-6181-4efc-b609-7218783d3ab1",
      "name": "ServiceNow Action Incident [incident] - 259fae61-6181-4efc-b609-7218783d3ab1",
      "action": "RUN_SCRIPT",
      "type": "INBOUND_WEBHOOK",
      "deployed": true,
      "form": "69661e75-f012-4131-894b-f4eab5fbbf91",
      "environment": "HOSTED",
      "authType": "ANY",
      "createdBy": "FLOW",
      "integrationScriptStepUuid": "200aeb51-c5e6-5e7a-94f5-8875bdd73112"
    },
    {
      "id": "b65dee4e-b792-4ddc-893e-3d949a411e8c",
      "name": "ServiceNow Record Alerts Approval [sysapproval_approver] - b65dee4e-b792-4ddc-893e-3d949a411e8c",
      "action": "RUN_SCRIPT",
      "type": "INBOUND_WEBHOOK",
      "deployed": true,
      "environment": "HOSTED",
      "authType": "ANY",
      "createdBy": "FLOW",
      "integrationScriptStepUuid": "acc4467d-0242-571f-b62c-f0a1e863e4db"
    }
  ],
  "endpoints": [
    {
      "name": "MS Teams",
      "baseUrl": "https://graph.microsoft.com",
      "type": "EXTERNAL",
      "authentication": "OAUTH2_MS_GRAPH",
      "oauthGrantType": "AUTHORIZATION_CODE",
      "oauthAuthorizationUrl": "",
      "oauthTokenUrl": "https://login.microsoftonline.com/common/oauth2/v2.0/token",
      "oauthTokenPrefix": "",
      "oauthScopes": "openid profile offline_access Group.ReadWrite.All OnlineMeetings.ReadWrite ChannelMessage.Read.All Directory.ReadWrite.All",
      "endpointData": "{}"
    },
    {
      "name": "ServiceNow",
      "baseUrl": "https://ven01047.service-now.com/",
      "type": "EXTERNAL",
      "authentication": "SERVICENOW",
      "oauthAuthorizationUrl": "",
      "oauthTokenUrl": "",
      "oauthTokenPrefix": "",
      "oauthScopes": "",
      "endpointData": "{}"
    }
  ],
  "constants": [
    {
      "name": "MS Teams - Team",
      "value": "xM Demo NA",
      "description": ""
    },
    {
      "name": "SNOW Base Incident URL",
      "value": "https://ven01047.service-now.com/nav_to.do?uri=incident.do?sys_id=",
      "description": "just add sys_id"
    },
    {
      "name": "SNOW Change Request Base URL",
      "value": "https://ven01047.service-now.com/nav_to.do?uri=change_request.do?sys_id=",
      "description": ""
    },
    {
      "name": "xMatters xmdemo StatusPage UUID",
      "value": "f9fd8c49-0ecc-4798-9d7b-28b2d5671a00",
      "description": ""
    }
  ]
}