[
  {
    "id": "7aa71bff-b01d-45a7-b0dc-95fa5e8b6db2",
    "isActive": true,
    "flowId": "259fae61-6181-4efc-b609-7218783d3ab1",
    "workflowId": "9aabe19e-4c08-4234-9179-274e217a439c",
    "orgUuid": "8d580702-986e-4de3-873d-3a75b8073b42",
    "config": "{\"outputs\": [], \"periodSeconds\": 60, \"floodThreshold\": 4}"
  },
  {
    "id": "febba61f-a880-4fb1-bad0-eb81a4c341de",
    "isActive": true,
    "flowId": "b65dee4e-b792-4ddc-893e-3d949a411e8c",
    "workflowId": "9aabe19e-4c08-4234-9179-274e217a439c",
    "orgUuid": "8d580702-986e-4de3-873d-3a75b8073b42",
    "config": "{\"outputs\": [], \"periodSeconds\": 60, \"floodThreshold\": 4}"
  }
]